Dataset,Defense,Attack,Eps,AUC,Path
abalone,DM-δ,fgsm,0.300,0.8953177537644224,/home/lukec/workspace/applicabilityDomain/results/numeric/mean/roc_mean_delta_abalone_fgsm_0.300.csv
abalone,DM-δ,fgsm,0.600,0.9790342219098409,/home/lukec/workspace/applicabilityDomain/results/numeric/mean/roc_mean_delta_abalone_fgsm_0.600.csv
abalone,DM-δ,apgd,0.300,0.8528499412937238,/home/lukec/workspace/applicabilityDomain/results/numeric/mean/roc_mean_delta_abalone_apgd_0.300.csv
abalone,DM-δ,apgd,0.600,0.9709646801628935,/home/lukec/workspace/applicabilityDomain/results/numeric/mean/roc_mean_delta_abalone_apgd_0.600.csv
abalone,DM-δ,cw2,0.000,0.6717311745957478,/home/lukec/workspace/applicabilityDomain/results/numeric/mean/roc_mean_delta_abalone_cw2_0.000.csv
abalone,DM-δ,cw2,10.000,0.9783361239955515,/home/lukec/workspace/applicabilityDomain/results/numeric/mean/roc_mean_delta_abalone_cw2_10.000.csv
abalone,DM-γ,fgsm,0.300,0.8685035017096341,/home/lukec/workspace/applicabilityDomain/results/numeric/mean/roc_mean_gamma_abalone_fgsm_0.300.csv
abalone,DM-γ,fgsm,0.600,0.9665998427258,/home/lukec/workspace/applicabilityDomain/results/numeric/mean/roc_mean_gamma_abalone_fgsm_0.600.csv
abalone,DM-γ,apgd,0.300,0.8231629983531042,/home/lukec/workspace/applicabilityDomain/results/numeric/mean/roc_mean_gamma_abalone_apgd_0.300.csv
abalone,DM-γ,apgd,0.600,0.93147359716054,/home/lukec/workspace/applicabilityDomain/results/numeric/mean/roc_mean_gamma_abalone_apgd_0.600.csv
abalone,DM-γ,cw2,0.000,0.6287754222813251,/home/lukec/workspace/applicabilityDomain/results/numeric/mean/roc_mean_gamma_abalone_cw2_0.000.csv
abalone,DM-γ,cw2,10.000,0.9695255845475285,/home/lukec/workspace/applicabilityDomain/results/numeric/mean/roc_mean_gamma_abalone_cw2_10.000.csv
abalone,DM-κ,fgsm,0.300,0.8561494366286342,/home/lukec/workspace/applicabilityDomain/results/numeric/mean/roc_mean_kappa_abalone_fgsm_0.300.csv
abalone,DM-κ,fgsm,0.600,0.9540796392864532,/home/lukec/workspace/applicabilityDomain/results/numeric/mean/roc_mean_kappa_abalone_fgsm_0.600.csv
abalone,DM-κ,apgd,0.300,0.8024108419728134,/home/lukec/workspace/applicabilityDomain/results/numeric/mean/roc_mean_kappa_abalone_apgd_0.300.csv
abalone,DM-κ,apgd,0.600,0.9272218905513727,/home/lukec/workspace/applicabilityDomain/results/numeric/mean/roc_mean_kappa_abalone_apgd_0.600.csv
abalone,DM-κ,cw2,0.000,0.6109061801958713,/home/lukec/workspace/applicabilityDomain/results/numeric/mean/roc_mean_kappa_abalone_cw2_0.000.csv
abalone,DM-κ,cw2,10.000,0.9701734748724729,/home/lukec/workspace/applicabilityDomain/results/numeric/mean/roc_mean_kappa_abalone_cw2_10.000.csv
abalone,BB,fgsm,0.300,0.6497542012902761,/home/lukec/workspace/applicabilityDomain/results/numeric/mean/roc_mean_boundingbox_abalone_fgsm_0.300.csv
abalone,BB,fgsm,0.600,0.8892414332979689,/home/lukec/workspace/applicabilityDomain/results/numeric/mean/roc_mean_boundingbox_abalone_fgsm_0.600.csv
abalone,BB,apgd,0.300,0.6249448200090257,/home/lukec/workspace/applicabilityDomain/results/numeric/mean/roc_mean_boundingbox_abalone_apgd_0.300.csv
abalone,BB,apgd,0.600,0.885781626710264,/home/lukec/workspace/applicabilityDomain/results/numeric/mean/roc_mean_boundingbox_abalone_apgd_0.600.csv
abalone,BB,cw2,0.000,0.4917231822039701,/home/lukec/workspace/applicabilityDomain/results/numeric/mean/roc_mean_boundingbox_abalone_cw2_0.000.csv
abalone,BB,cw2,10.000,0.9737490167214486,/home/lukec/workspace/applicabilityDomain/results/numeric/mean/roc_mean_boundingbox_abalone_cw2_10.000.csv
abalone,Prob.,fgsm,0.300,0.513890571391521,/home/lukec/workspace/applicabilityDomain/results/numeric/mean/roc_mean_prob_abalone_fgsm_0.300.csv
abalone,Prob.,fgsm,0.600,0.25554295384667186,/home/lukec/workspace/applicabilityDomain/results/numeric/mean/roc_mean_prob_abalone_fgsm_0.600.csv
abalone,Prob.,apgd,0.300,0.38625210911783897,/home/lukec/workspace/applicabilityDomain/results/numeric/mean/roc_mean_prob_abalone_apgd_0.300.csv
abalone,Prob.,apgd,0.600,0.17266478433908045,/home/lukec/workspace/applicabilityDomain/results/numeric/mean/roc_mean_prob_abalone_apgd_0.600.csv
abalone,Prob.,cw2,0.000,0.993902656313376,/home/lukec/workspace/applicabilityDomain/results/numeric/mean/roc_mean_prob_abalone_cw2_0.000.csv
abalone,Prob.,cw2,10.000,0.0050000000000000044,/home/lukec/workspace/applicabilityDomain/results/numeric/mean/roc_mean_prob_abalone_cw2_10.000.csv
australian,DM-δ,fgsm,0.300,0.5631904557457559,/home/lukec/workspace/applicabilityDomain/results/numeric/mean/roc_mean_delta_australian_fgsm_0.300.csv
australian,DM-δ,fgsm,0.600,0.743526513458626,/home/lukec/workspace/applicabilityDomain/results/numeric/mean/roc_mean_delta_australian_fgsm_0.600.csv
australian,DM-δ,apgd,0.300,0.5683105604161405,/home/lukec/workspace/applicabilityDomain/results/numeric/mean/roc_mean_delta_australian_apgd_0.300.csv
australian,DM-δ,apgd,0.600,0.7519991421970954,/home/lukec/workspace/applicabilityDomain/results/numeric/mean/roc_mean_delta_australian_apgd_0.600.csv
australian,DM-δ,cw2,0.000,0.5204648963177134,/home/lukec/workspace/applicabilityDomain/results/numeric/mean/roc_mean_delta_australian_cw2_0.000.csv
australian,DM-δ,cw2,10.000,0.7283501130784701,/home/lukec/workspace/applicabilityDomain/results/numeric/mean/roc_mean_delta_australian_cw2_10.000.csv
australian,DM-γ,fgsm,0.300,0.8285126083400126,/home/lukec/workspace/applicabilityDomain/results/numeric/mean/roc_mean_gamma_australian_fgsm_0.300.csv
australian,DM-γ,fgsm,0.600,0.9615973612619739,/home/lukec/workspace/applicabilityDomain/results/numeric/mean/roc_mean_gamma_australian_fgsm_0.600.csv
australian,DM-γ,apgd,0.300,0.7847679769307648,/home/lukec/workspace/applicabilityDomain/results/numeric/mean/roc_mean_gamma_australian_apgd_0.300.csv
australian,DM-γ,apgd,0.600,0.948907605548174,/home/lukec/workspace/applicabilityDomain/results/numeric/mean/roc_mean_gamma_australian_apgd_0.600.csv
australian,DM-γ,cw2,0.000,0.6880975919378879,/home/lukec/workspace/applicabilityDomain/results/numeric/mean/roc_mean_gamma_australian_cw2_0.000.csv
australian,DM-γ,cw2,10.000,0.8628939245988245,/home/lukec/workspace/applicabilityDomain/results/numeric/mean/roc_mean_gamma_australian_cw2_10.000.csv
australian,DM-κ,fgsm,0.300,0.8019262381097907,/home/lukec/workspace/applicabilityDomain/results/numeric/mean/roc_mean_kappa_australian_fgsm_0.300.csv
australian,DM-κ,fgsm,0.600,0.9452849062092544,/home/lukec/workspace/applicabilityDomain/results/numeric/mean/roc_mean_kappa_australian_fgsm_0.600.csv
australian,DM-κ,apgd,0.300,0.7644214907940824,/home/lukec/workspace/applicabilityDomain/results/numeric/mean/roc_mean_kappa_australian_apgd_0.300.csv
australian,DM-κ,apgd,0.600,0.9370853137015771,/home/lukec/workspace/applicabilityDomain/results/numeric/mean/roc_mean_kappa_australian_apgd_0.600.csv
australian,DM-κ,cw2,0.000,0.672470465692074,/home/lukec/workspace/applicabilityDomain/results/numeric/mean/roc_mean_kappa_australian_cw2_0.000.csv
australian,DM-κ,cw2,10.000,0.8672458565376948,/home/lukec/workspace/applicabilityDomain/results/numeric/mean/roc_mean_kappa_australian_cw2_10.000.csv
australian,BB,fgsm,0.300,0.4844463573953049,/home/lukec/workspace/applicabilityDomain/results/numeric/mean/roc_mean_boundingbox_australian_fgsm_0.300.csv
australian,BB,fgsm,0.600,0.5467211023522376,/home/lukec/workspace/applicabilityDomain/results/numeric/mean/roc_mean_boundingbox_australian_fgsm_0.600.csv
australian,BB,apgd,0.300,0.5015761050510339,/home/lukec/workspace/applicabilityDomain/results/numeric/mean/roc_mean_boundingbox_australian_apgd_0.300.csv
australian,BB,apgd,0.600,0.5679114996661491,/home/lukec/workspace/applicabilityDomain/results/numeric/mean/roc_mean_boundingbox_australian_apgd_0.600.csv
australian,BB,cw2,0.000,0.46972752601158047,/home/lukec/workspace/applicabilityDomain/results/numeric/mean/roc_mean_boundingbox_australian_cw2_0.000.csv
australian,BB,cw2,10.000,0.5633578282863372,/home/lukec/workspace/applicabilityDomain/results/numeric/mean/roc_mean_boundingbox_australian_cw2_10.000.csv
australian,Prob.,fgsm,0.300,0.7551840069029961,/home/lukec/workspace/applicabilityDomain/results/numeric/mean/roc_mean_prob_australian_fgsm_0.300.csv
australian,Prob.,fgsm,0.600,0.6042142554635253,/home/lukec/workspace/applicabilityDomain/results/numeric/mean/roc_mean_prob_australian_fgsm_0.600.csv
australian,Prob.,apgd,0.300,0.5441078704858855,/home/lukec/workspace/applicabilityDomain/results/numeric/mean/roc_mean_prob_australian_apgd_0.300.csv
australian,Prob.,apgd,0.600,0.42154141773889686,/home/lukec/workspace/applicabilityDomain/results/numeric/mean/roc_mean_prob_australian_apgd_0.600.csv
australian,Prob.,cw2,0.000,0.9824643645652767,/home/lukec/workspace/applicabilityDomain/results/numeric/mean/roc_mean_prob_australian_cw2_0.000.csv
australian,Prob.,cw2,10.000,0.2316942614577527,/home/lukec/workspace/applicabilityDomain/results/numeric/mean/roc_mean_prob_australian_cw2_10.000.csv
banknote,DM-δ,fgsm,0.300,0.7996548437982521,/home/lukec/workspace/applicabilityDomain/results/numeric/mean/roc_mean_delta_banknote_fgsm_0.300.csv
banknote,DM-δ,fgsm,0.600,0.8859981903664027,/home/lukec/workspace/applicabilityDomain/results/numeric/mean/roc_mean_delta_banknote_fgsm_0.600.csv
banknote,DM-δ,apgd,0.300,0.7347061668228679,/home/lukec/workspace/applicabilityDomain/results/numeric/mean/roc_mean_delta_banknote_apgd_0.300.csv
banknote,DM-δ,apgd,0.600,0.886313214620431,/home/lukec/workspace/applicabilityDomain/results/numeric/mean/roc_mean_delta_banknote_apgd_0.600.csv
banknote,DM-δ,cw2,0.000,0.8032585782217702,/home/lukec/workspace/applicabilityDomain/results/numeric/mean/roc_mean_delta_banknote_cw2_0.000.csv
banknote,DM-δ,cw2,10.000,0.7953111811256829,/home/lukec/workspace/applicabilityDomain/results/numeric/mean/roc_mean_delta_banknote_cw2_10.000.csv
banknote,DM-γ,fgsm,0.300,0.851011175976783,/home/lukec/workspace/applicabilityDomain/results/numeric/mean/roc_mean_gamma_banknote_fgsm_0.300.csv
banknote,DM-γ,fgsm,0.600,0.9001350172213107,/home/lukec/workspace/applicabilityDomain/results/numeric/mean/roc_mean_gamma_banknote_fgsm_0.600.csv
banknote,DM-γ,apgd,0.300,0.7653855315658938,/home/lukec/workspace/applicabilityDomain/results/numeric/mean/roc_mean_gamma_banknote_apgd_0.300.csv
banknote,DM-γ,apgd,0.600,0.9029280109228108,/home/lukec/workspace/applicabilityDomain/results/numeric/mean/roc_mean_gamma_banknote_apgd_0.600.csv
banknote,DM-γ,cw2,0.000,0.8303692059147236,/home/lukec/workspace/applicabilityDomain/results/numeric/mean/roc_mean_gamma_banknote_cw2_0.000.csv
banknote,DM-γ,cw2,10.000,0.8657961464048168,/home/lukec/workspace/applicabilityDomain/results/numeric/mean/roc_mean_gamma_banknote_cw2_10.000.csv
banknote,DM-κ,fgsm,0.300,0.7586457731958763,/home/lukec/workspace/applicabilityDomain/results/numeric/mean/roc_mean_kappa_banknote_fgsm_0.300.csv
banknote,DM-κ,fgsm,0.600,0.8508436476863107,/home/lukec/workspace/applicabilityDomain/results/numeric/mean/roc_mean_kappa_banknote_fgsm_0.600.csv
banknote,DM-κ,apgd,0.300,0.689400862230553,/home/lukec/workspace/applicabilityDomain/results/numeric/mean/roc_mean_kappa_banknote_apgd_0.300.csv
banknote,DM-κ,apgd,0.600,0.8554902160499593,/home/lukec/workspace/applicabilityDomain/results/numeric/mean/roc_mean_kappa_banknote_apgd_0.600.csv
banknote,DM-κ,cw2,0.000,0.7464667600101036,/home/lukec/workspace/applicabilityDomain/results/numeric/mean/roc_mean_kappa_banknote_cw2_0.000.csv
banknote,DM-κ,cw2,10.000,0.7968690748897983,/home/lukec/workspace/applicabilityDomain/results/numeric/mean/roc_mean_kappa_banknote_cw2_10.000.csv
banknote,BB,fgsm,0.300,0.4127897025598826,/home/lukec/workspace/applicabilityDomain/results/numeric/mean/roc_mean_boundingbox_banknote_fgsm_0.300.csv
banknote,BB,fgsm,0.600,0.6009727330969914,/home/lukec/workspace/applicabilityDomain/results/numeric/mean/roc_mean_boundingbox_banknote_fgsm_0.600.csv
banknote,BB,apgd,0.300,0.47385255430192597,/home/lukec/workspace/applicabilityDomain/results/numeric/mean/roc_mean_boundingbox_banknote_apgd_0.300.csv
banknote,BB,apgd,0.600,0.605698378894947,/home/lukec/workspace/applicabilityDomain/results/numeric/mean/roc_mean_boundingbox_banknote_apgd_0.600.csv
banknote,BB,cw2,0.000,0.4292373830914372,/home/lukec/workspace/applicabilityDomain/results/numeric/mean/roc_mean_boundingbox_banknote_cw2_0.000.csv
banknote,BB,cw2,10.000,0.5070735527094353,/home/lukec/workspace/applicabilityDomain/results/numeric/mean/roc_mean_boundingbox_banknote_cw2_10.000.csv
banknote,Prob.,fgsm,0.300,0.9044108640827179,/home/lukec/workspace/applicabilityDomain/results/numeric/mean/roc_mean_prob_banknote_fgsm_0.300.csv
banknote,Prob.,fgsm,0.600,0.6009847419694181,/home/lukec/workspace/applicabilityDomain/results/numeric/mean/roc_mean_prob_banknote_fgsm_0.600.csv
banknote,Prob.,apgd,0.300,0.6385708094068411,/home/lukec/workspace/applicabilityDomain/results/numeric/mean/roc_mean_prob_banknote_apgd_0.300.csv
banknote,Prob.,apgd,0.600,0.582480871669221,/home/lukec/workspace/applicabilityDomain/results/numeric/mean/roc_mean_prob_banknote_apgd_0.600.csv
banknote,Prob.,cw2,0.000,0.9943818440689975,/home/lukec/workspace/applicabilityDomain/results/numeric/mean/roc_mean_prob_banknote_cw2_0.000.csv
banknote,Prob.,cw2,10.000,0.9096197547734488,/home/lukec/workspace/applicabilityDomain/results/numeric/mean/roc_mean_prob_banknote_cw2_10.000.csv
breastcancer,DM-δ,fgsm,0.300,0.5934955046811977,/home/lukec/workspace/applicabilityDomain/results/numeric/mean/roc_mean_delta_breastcancer_fgsm_0.300.csv
breastcancer,DM-δ,fgsm,0.600,0.7716309453387877,/home/lukec/workspace/applicabilityDomain/results/numeric/mean/roc_mean_delta_breastcancer_fgsm_0.600.csv
breastcancer,DM-δ,apgd,0.300,0.6027019327060396,/home/lukec/workspace/applicabilityDomain/results/numeric/mean/roc_mean_delta_breastcancer_apgd_0.300.csv
breastcancer,DM-δ,apgd,0.600,0.7818607017670249,/home/lukec/workspace/applicabilityDomain/results/numeric/mean/roc_mean_delta_breastcancer_apgd_0.600.csv
breastcancer,DM-δ,cw2,0.000,0.5730947217855163,/home/lukec/workspace/applicabilityDomain/results/numeric/mean/roc_mean_delta_breastcancer_cw2_0.000.csv
breastcancer,DM-δ,cw2,10.000,0.6436335760853258,/home/lukec/workspace/applicabilityDomain/results/numeric/mean/roc_mean_delta_breastcancer_cw2_10.000.csv
breastcancer,DM-γ,fgsm,0.300,0.5949813079441005,/home/lukec/workspace/applicabilityDomain/results/numeric/mean/roc_mean_gamma_breastcancer_fgsm_0.300.csv
breastcancer,DM-γ,fgsm,0.600,0.7703918364754496,/home/lukec/workspace/applicabilityDomain/results/numeric/mean/roc_mean_gamma_breastcancer_fgsm_0.600.csv
breastcancer,DM-γ,apgd,0.300,0.6097133565009685,/home/lukec/workspace/applicabilityDomain/results/numeric/mean/roc_mean_gamma_breastcancer_apgd_0.300.csv
breastcancer,DM-γ,apgd,0.600,0.7825700542273548,/home/lukec/workspace/applicabilityDomain/results/numeric/mean/roc_mean_gamma_breastcancer_apgd_0.600.csv
breastcancer,DM-γ,cw2,0.000,0.5774610093595842,/home/lukec/workspace/applicabilityDomain/results/numeric/mean/roc_mean_gamma_breastcancer_cw2_0.000.csv
breastcancer,DM-γ,cw2,10.000,0.6456700982025041,/home/lukec/workspace/applicabilityDomain/results/numeric/mean/roc_mean_gamma_breastcancer_cw2_10.000.csv
breastcancer,DM-κ,fgsm,0.300,0.5797022412467692,/home/lukec/workspace/applicabilityDomain/results/numeric/mean/roc_mean_kappa_breastcancer_fgsm_0.300.csv
breastcancer,DM-κ,fgsm,0.600,0.748128738596844,/home/lukec/workspace/applicabilityDomain/results/numeric/mean/roc_mean_kappa_breastcancer_fgsm_0.600.csv
breastcancer,DM-κ,apgd,0.300,0.5982726470008493,/home/lukec/workspace/applicabilityDomain/results/numeric/mean/roc_mean_kappa_breastcancer_apgd_0.300.csv
breastcancer,DM-κ,apgd,0.600,0.7452016196241186,/home/lukec/workspace/applicabilityDomain/results/numeric/mean/roc_mean_kappa_breastcancer_apgd_0.600.csv
breastcancer,DM-κ,cw2,0.000,0.5658324997073588,/home/lukec/workspace/applicabilityDomain/results/numeric/mean/roc_mean_kappa_breastcancer_cw2_0.000.csv
breastcancer,DM-κ,cw2,10.000,0.6324563946090134,/home/lukec/workspace/applicabilityDomain/results/numeric/mean/roc_mean_kappa_breastcancer_cw2_10.000.csv
breastcancer,BB,fgsm,0.300,0.4764639864471858,/home/lukec/workspace/applicabilityDomain/results/numeric/mean/roc_mean_boundingbox_breastcancer_fgsm_0.300.csv
breastcancer,BB,fgsm,0.600,0.5176737164300662,/home/lukec/workspace/applicabilityDomain/results/numeric/mean/roc_mean_boundingbox_breastcancer_fgsm_0.600.csv
breastcancer,BB,apgd,0.300,0.5068788071594421,/home/lukec/workspace/applicabilityDomain/results/numeric/mean/roc_mean_boundingbox_breastcancer_apgd_0.300.csv
breastcancer,BB,apgd,0.600,0.5623472711429126,/home/lukec/workspace/applicabilityDomain/results/numeric/mean/roc_mean_boundingbox_breastcancer_apgd_0.600.csv
breastcancer,BB,cw2,0.000,0.464891547480267,/home/lukec/workspace/applicabilityDomain/results/numeric/mean/roc_mean_boundingbox_breastcancer_cw2_0.000.csv
breastcancer,BB,cw2,10.000,0.48411089921207495,/home/lukec/workspace/applicabilityDomain/results/numeric/mean/roc_mean_boundingbox_breastcancer_cw2_10.000.csv
breastcancer,Prob.,fgsm,0.300,0.7045037475848164,/home/lukec/workspace/applicabilityDomain/results/numeric/mean/roc_mean_prob_breastcancer_fgsm_0.300.csv
breastcancer,Prob.,fgsm,0.600,0.6020540706893531,/home/lukec/workspace/applicabilityDomain/results/numeric/mean/roc_mean_prob_breastcancer_fgsm_0.600.csv
breastcancer,Prob.,apgd,0.300,0.5365536789319191,/home/lukec/workspace/applicabilityDomain/results/numeric/mean/roc_mean_prob_breastcancer_apgd_0.300.csv
breastcancer,Prob.,apgd,0.600,0.4662608899936158,/home/lukec/workspace/applicabilityDomain/results/numeric/mean/roc_mean_prob_breastcancer_apgd_0.600.csv
breastcancer,Prob.,cw2,0.000,0.9899654916086016,/home/lukec/workspace/applicabilityDomain/results/numeric/mean/roc_mean_prob_breastcancer_cw2_0.000.csv
breastcancer,Prob.,cw2,10.000,0.8132930073262862,/home/lukec/workspace/applicabilityDomain/results/numeric/mean/roc_mean_prob_breastcancer_cw2_10.000.csv
htru2,DM-δ,fgsm,0.300,0.9340010458072902,/home/lukec/workspace/applicabilityDomain/results/numeric/mean/roc_mean_delta_htru2_fgsm_0.300.csv
htru2,DM-δ,fgsm,0.600,0.9886748835760836,/home/lukec/workspace/applicabilityDomain/results/numeric/mean/roc_mean_delta_htru2_fgsm_0.600.csv
htru2,DM-δ,apgd,0.300,0.9221097633483709,/home/lukec/workspace/applicabilityDomain/results/numeric/mean/roc_mean_delta_htru2_apgd_0.300.csv
htru2,DM-δ,apgd,0.600,0.9864075853818156,/home/lukec/workspace/applicabilityDomain/results/numeric/mean/roc_mean_delta_htru2_apgd_0.600.csv
htru2,DM-δ,cw2,0.000,0.7698698618139663,/home/lukec/workspace/applicabilityDomain/results/numeric/mean/roc_mean_delta_htru2_cw2_0.000.csv
htru2,DM-δ,cw2,10.000,0.9856012850080188,/home/lukec/workspace/applicabilityDomain/results/numeric/mean/roc_mean_delta_htru2_cw2_10.000.csv
htru2,DM-γ,fgsm,0.300,0.9355146594018727,/home/lukec/workspace/applicabilityDomain/results/numeric/mean/roc_mean_gamma_htru2_fgsm_0.300.csv
htru2,DM-γ,fgsm,0.600,0.9896581141846343,/home/lukec/workspace/applicabilityDomain/results/numeric/mean/roc_mean_gamma_htru2_fgsm_0.600.csv
htru2,DM-γ,apgd,0.300,0.9188186161249082,/home/lukec/workspace/applicabilityDomain/results/numeric/mean/roc_mean_gamma_htru2_apgd_0.300.csv
htru2,DM-γ,apgd,0.600,0.9895348160667593,/home/lukec/workspace/applicabilityDomain/results/numeric/mean/roc_mean_gamma_htru2_apgd_0.600.csv
htru2,DM-γ,cw2,0.000,0.7177507129800975,/home/lukec/workspace/applicabilityDomain/results/numeric/mean/roc_mean_gamma_htru2_cw2_0.000.csv
htru2,DM-γ,cw2,10.000,0.9748656999104086,/home/lukec/workspace/applicabilityDomain/results/numeric/mean/roc_mean_gamma_htru2_cw2_10.000.csv
htru2,DM-κ,fgsm,0.300,0.9092138236297156,/home/lukec/workspace/applicabilityDomain/results/numeric/mean/roc_mean_kappa_htru2_fgsm_0.300.csv
htru2,DM-κ,fgsm,0.600,0.9806365741558875,/home/lukec/workspace/applicabilityDomain/results/numeric/mean/roc_mean_kappa_htru2_fgsm_0.600.csv
htru2,DM-κ,apgd,0.300,0.8991870455683301,/home/lukec/workspace/applicabilityDomain/results/numeric/mean/roc_mean_kappa_htru2_apgd_0.300.csv
htru2,DM-κ,apgd,0.600,0.9854743191069891,/home/lukec/workspace/applicabilityDomain/results/numeric/mean/roc_mean_kappa_htru2_apgd_0.600.csv
htru2,DM-κ,cw2,0.000,0.6878577660283482,/home/lukec/workspace/applicabilityDomain/results/numeric/mean/roc_mean_kappa_htru2_cw2_0.000.csv
htru2,DM-κ,cw2,10.000,0.9482323237363842,/home/lukec/workspace/applicabilityDomain/results/numeric/mean/roc_mean_kappa_htru2_cw2_10.000.csv
htru2,BB,fgsm,0.300,0.5881591114199074,/home/lukec/workspace/applicabilityDomain/results/numeric/mean/roc_mean_boundingbox_htru2_fgsm_0.300.csv
htru2,BB,fgsm,0.600,0.7659222360335504,/home/lukec/workspace/applicabilityDomain/results/numeric/mean/roc_mean_boundingbox_htru2_fgsm_0.600.csv
htru2,BB,apgd,0.300,0.5904297400663805,/home/lukec/workspace/applicabilityDomain/results/numeric/mean/roc_mean_boundingbox_htru2_apgd_0.300.csv
htru2,BB,apgd,0.600,0.8043615314604508,/home/lukec/workspace/applicabilityDomain/results/numeric/mean/roc_mean_boundingbox_htru2_apgd_0.600.csv
htru2,BB,cw2,0.000,0.5284722704322036,/home/lukec/workspace/applicabilityDomain/results/numeric/mean/roc_mean_boundingbox_htru2_cw2_0.000.csv
htru2,BB,cw2,10.000,0.7208417580374064,/home/lukec/workspace/applicabilityDomain/results/numeric/mean/roc_mean_boundingbox_htru2_cw2_10.000.csv
htru2,Prob.,fgsm,0.300,0.6499833067344488,/home/lukec/workspace/applicabilityDomain/results/numeric/mean/roc_mean_prob_htru2_fgsm_0.300.csv
htru2,Prob.,fgsm,0.600,0.3699206372077799,/home/lukec/workspace/applicabilityDomain/results/numeric/mean/roc_mean_prob_htru2_fgsm_0.600.csv
htru2,Prob.,apgd,0.300,0.5137245377251259,/home/lukec/workspace/applicabilityDomain/results/numeric/mean/roc_mean_prob_htru2_apgd_0.300.csv
htru2,Prob.,apgd,0.600,0.2371355240732186,/home/lukec/workspace/applicabilityDomain/results/numeric/mean/roc_mean_prob_htru2_apgd_0.600.csv
htru2,Prob.,cw2,0.000,0.9941223121156368,/home/lukec/workspace/applicabilityDomain/results/numeric/mean/roc_mean_prob_htru2_cw2_0.000.csv
htru2,Prob.,cw2,10.000,0.13657382120335385,/home/lukec/workspace/applicabilityDomain/results/numeric/mean/roc_mean_prob_htru2_cw2_10.000.csv
phoneme,DM-δ,fgsm,0.300,0.8004559120922247,/home/lukec/workspace/applicabilityDomain/results/numeric/mean/roc_mean_delta_phoneme_fgsm_0.300.csv
phoneme,DM-δ,fgsm,0.600,0.9286522940997444,/home/lukec/workspace/applicabilityDomain/results/numeric/mean/roc_mean_delta_phoneme_fgsm_0.600.csv
phoneme,DM-δ,apgd,0.300,0.7362880299724164,/home/lukec/workspace/applicabilityDomain/results/numeric/mean/roc_mean_delta_phoneme_apgd_0.300.csv
phoneme,DM-δ,apgd,0.600,0.8974101752943935,/home/lukec/workspace/applicabilityDomain/results/numeric/mean/roc_mean_delta_phoneme_apgd_0.600.csv
phoneme,DM-δ,cw2,0.000,0.7461734376939555,/home/lukec/workspace/applicabilityDomain/results/numeric/mean/roc_mean_delta_phoneme_cw2_0.000.csv
phoneme,DM-δ,cw2,10.000,0.8720376426642044,/home/lukec/workspace/applicabilityDomain/results/numeric/mean/roc_mean_delta_phoneme_cw2_10.000.csv
phoneme,DM-γ,fgsm,0.300,0.8202342584883058,/home/lukec/workspace/applicabilityDomain/results/numeric/mean/roc_mean_gamma_phoneme_fgsm_0.300.csv
phoneme,DM-γ,fgsm,0.600,0.9436620655885081,/home/lukec/workspace/applicabilityDomain/results/numeric/mean/roc_mean_gamma_phoneme_fgsm_0.600.csv
phoneme,DM-γ,apgd,0.300,0.7431625865599982,/home/lukec/workspace/applicabilityDomain/results/numeric/mean/roc_mean_gamma_phoneme_apgd_0.300.csv
phoneme,DM-γ,apgd,0.600,0.9119230672696479,/home/lukec/workspace/applicabilityDomain/results/numeric/mean/roc_mean_gamma_phoneme_apgd_0.600.csv
phoneme,DM-γ,cw2,0.000,0.7567268977474733,/home/lukec/workspace/applicabilityDomain/results/numeric/mean/roc_mean_gamma_phoneme_cw2_0.000.csv
phoneme,DM-γ,cw2,10.000,0.8698248369369213,/home/lukec/workspace/applicabilityDomain/results/numeric/mean/roc_mean_gamma_phoneme_cw2_10.000.csv
phoneme,DM-κ,fgsm,0.300,0.7828031686228542,/home/lukec/workspace/applicabilityDomain/results/numeric/mean/roc_mean_kappa_phoneme_fgsm_0.300.csv
phoneme,DM-κ,fgsm,0.600,0.928464718825155,/home/lukec/workspace/applicabilityDomain/results/numeric/mean/roc_mean_kappa_phoneme_fgsm_0.600.csv
phoneme,DM-κ,apgd,0.300,0.702474417438013,/home/lukec/workspace/applicabilityDomain/results/numeric/mean/roc_mean_kappa_phoneme_apgd_0.300.csv
phoneme,DM-κ,apgd,0.600,0.8891444274503006,/home/lukec/workspace/applicabilityDomain/results/numeric/mean/roc_mean_kappa_phoneme_apgd_0.600.csv
phoneme,DM-κ,cw2,0.000,0.7329783599627978,/home/lukec/workspace/applicabilityDomain/results/numeric/mean/roc_mean_kappa_phoneme_cw2_0.000.csv
phoneme,DM-κ,cw2,10.000,0.8623519061268916,/home/lukec/workspace/applicabilityDomain/results/numeric/mean/roc_mean_kappa_phoneme_cw2_10.000.csv
phoneme,BB,fgsm,0.300,0.5459851204791667,/home/lukec/workspace/applicabilityDomain/results/numeric/mean/roc_mean_boundingbox_phoneme_fgsm_0.300.csv
phoneme,BB,fgsm,0.600,0.6399832046178892,/home/lukec/workspace/applicabilityDomain/results/numeric/mean/roc_mean_boundingbox_phoneme_fgsm_0.600.csv
phoneme,BB,apgd,0.300,0.5338437162695422,/home/lukec/workspace/applicabilityDomain/results/numeric/mean/roc_mean_boundingbox_phoneme_apgd_0.300.csv
phoneme,BB,apgd,0.600,0.6013977944084843,/home/lukec/workspace/applicabilityDomain/results/numeric/mean/roc_mean_boundingbox_phoneme_apgd_0.600.csv
phoneme,BB,cw2,0.000,0.5123880498716953,/home/lukec/workspace/applicabilityDomain/results/numeric/mean/roc_mean_boundingbox_phoneme_cw2_0.000.csv
phoneme,BB,cw2,10.000,0.8277888594051203,/home/lukec/workspace/applicabilityDomain/results/numeric/mean/roc_mean_boundingbox_phoneme_cw2_10.000.csv
phoneme,Prob.,fgsm,0.300,0.6554516242925033,/home/lukec/workspace/applicabilityDomain/results/numeric/mean/roc_mean_prob_phoneme_fgsm_0.300.csv
phoneme,Prob.,fgsm,0.600,0.5873482363050381,/home/lukec/workspace/applicabilityDomain/results/numeric/mean/roc_mean_prob_phoneme_fgsm_0.600.csv
phoneme,Prob.,apgd,0.300,0.5225220989939869,/home/lukec/workspace/applicabilityDomain/results/numeric/mean/roc_mean_prob_phoneme_apgd_0.300.csv
phoneme,Prob.,apgd,0.600,0.4613476908032723,/home/lukec/workspace/applicabilityDomain/results/numeric/mean/roc_mean_prob_phoneme_apgd_0.600.csv
phoneme,Prob.,cw2,0.000,0.9934891001273286,/home/lukec/workspace/applicabilityDomain/results/numeric/mean/roc_mean_prob_phoneme_cw2_0.000.csv
phoneme,Prob.,cw2,10.000,0.14395215364493724,/home/lukec/workspace/applicabilityDomain/results/numeric/mean/roc_mean_prob_phoneme_cw2_10.000.csv
ringnorm,DM-δ,fgsm,0.300,0.5664810046019173,/home/lukec/workspace/applicabilityDomain/results/numeric/mean/roc_mean_delta_ringnorm_fgsm_0.300.csv
ringnorm,DM-δ,fgsm,0.600,0.608720685423917,/home/lukec/workspace/applicabilityDomain/results/numeric/mean/roc_mean_delta_ringnorm_fgsm_0.600.csv
ringnorm,DM-δ,apgd,0.300,0.572009960236041,/home/lukec/workspace/applicabilityDomain/results/numeric/mean/roc_mean_delta_ringnorm_apgd_0.300.csv
ringnorm,DM-δ,apgd,0.600,0.6204531831508691,/home/lukec/workspace/applicabilityDomain/results/numeric/mean/roc_mean_delta_ringnorm_apgd_0.600.csv
ringnorm,DM-δ,cw2,0.000,0.510423043002872,/home/lukec/workspace/applicabilityDomain/results/numeric/mean/roc_mean_delta_ringnorm_cw2_0.000.csv
ringnorm,DM-δ,cw2,10.000,0.50260215268548,/home/lukec/workspace/applicabilityDomain/results/numeric/mean/roc_mean_delta_ringnorm_cw2_10.000.csv
ringnorm,DM-γ,fgsm,0.300,0.5675611232986739,/home/lukec/workspace/applicabilityDomain/results/numeric/mean/roc_mean_gamma_ringnorm_fgsm_0.300.csv
ringnorm,DM-γ,fgsm,0.600,0.6305602926480475,/home/lukec/workspace/applicabilityDomain/results/numeric/mean/roc_mean_gamma_ringnorm_fgsm_0.600.csv
ringnorm,DM-γ,apgd,0.300,0.5796415684142097,/home/lukec/workspace/applicabilityDomain/results/numeric/mean/roc_mean_gamma_ringnorm_apgd_0.300.csv
ringnorm,DM-γ,apgd,0.600,0.6440110753511487,/home/lukec/workspace/applicabilityDomain/results/numeric/mean/roc_mean_gamma_ringnorm_apgd_0.600.csv
ringnorm,DM-γ,cw2,0.000,0.5077468065814206,/home/lukec/workspace/applicabilityDomain/results/numeric/mean/roc_mean_gamma_ringnorm_cw2_0.000.csv
ringnorm,DM-γ,cw2,10.000,0.5023130823952278,/home/lukec/workspace/applicabilityDomain/results/numeric/mean/roc_mean_gamma_ringnorm_cw2_10.000.csv
ringnorm,DM-κ,fgsm,0.300,0.5679355313125661,/home/lukec/workspace/applicabilityDomain/results/numeric/mean/roc_mean_kappa_ringnorm_fgsm_0.300.csv
ringnorm,DM-κ,fgsm,0.600,0.6300103285526941,/home/lukec/workspace/applicabilityDomain/results/numeric/mean/roc_mean_kappa_ringnorm_fgsm_0.600.csv
ringnorm,DM-κ,apgd,0.300,0.5798488044777546,/home/lukec/workspace/applicabilityDomain/results/numeric/mean/roc_mean_kappa_ringnorm_apgd_0.300.csv
ringnorm,DM-κ,apgd,0.600,0.6441127669525833,/home/lukec/workspace/applicabilityDomain/results/numeric/mean/roc_mean_kappa_ringnorm_apgd_0.600.csv
ringnorm,DM-κ,cw2,0.000,0.508630649959484,/home/lukec/workspace/applicabilityDomain/results/numeric/mean/roc_mean_kappa_ringnorm_cw2_0.000.csv
ringnorm,DM-κ,cw2,10.000,0.50285972958767,/home/lukec/workspace/applicabilityDomain/results/numeric/mean/roc_mean_kappa_ringnorm_cw2_10.000.csv
ringnorm,BB,fgsm,0.300,0.5146872942578897,/home/lukec/workspace/applicabilityDomain/results/numeric/mean/roc_mean_boundingbox_ringnorm_fgsm_0.300.csv
ringnorm,BB,fgsm,0.600,0.5724959770901279,/home/lukec/workspace/applicabilityDomain/results/numeric/mean/roc_mean_boundingbox_ringnorm_fgsm_0.600.csv
ringnorm,BB,apgd,0.300,0.5402750720234615,/home/lukec/workspace/applicabilityDomain/results/numeric/mean/roc_mean_boundingbox_ringnorm_apgd_0.300.csv
ringnorm,BB,apgd,0.600,0.5902190203340681,/home/lukec/workspace/applicabilityDomain/results/numeric/mean/roc_mean_boundingbox_ringnorm_apgd_0.600.csv
ringnorm,BB,cw2,0.000,0.45425495200199656,/home/lukec/workspace/applicabilityDomain/results/numeric/mean/roc_mean_boundingbox_ringnorm_cw2_0.000.csv
ringnorm,BB,cw2,10.000,0.44869548586733976,/home/lukec/workspace/applicabilityDomain/results/numeric/mean/roc_mean_boundingbox_ringnorm_cw2_10.000.csv
ringnorm,Prob.,fgsm,0.300,0.7075281120750497,/home/lukec/workspace/applicabilityDomain/results/numeric/mean/roc_mean_prob_ringnorm_fgsm_0.300.csv
ringnorm,Prob.,fgsm,0.600,0.5851716217563746,/home/lukec/workspace/applicabilityDomain/results/numeric/mean/roc_mean_prob_ringnorm_fgsm_0.600.csv
ringnorm,Prob.,apgd,0.300,0.5866465878149145,/home/lukec/workspace/applicabilityDomain/results/numeric/mean/roc_mean_prob_ringnorm_apgd_0.300.csv
ringnorm,Prob.,apgd,0.600,0.49409923751945234,/home/lukec/workspace/applicabilityDomain/results/numeric/mean/roc_mean_prob_ringnorm_apgd_0.600.csv
ringnorm,Prob.,cw2,0.000,0.9939938050661857,/home/lukec/workspace/applicabilityDomain/results/numeric/mean/roc_mean_prob_ringnorm_cw2_0.000.csv
ringnorm,Prob.,cw2,10.000,0.8227225486644986,/home/lukec/workspace/applicabilityDomain/results/numeric/mean/roc_mean_prob_ringnorm_cw2_10.000.csv
texture,DM-δ,fgsm,0.300,0.9587136291884607,/home/lukec/workspace/applicabilityDomain/results/numeric/mean/roc_mean_delta_texture_fgsm_0.300.csv
texture,DM-δ,fgsm,0.600,0.9937639359886612,/home/lukec/workspace/applicabilityDomain/results/numeric/mean/roc_mean_delta_texture_fgsm_0.600.csv
texture,DM-δ,apgd,0.300,0.9513838370150947,/home/lukec/workspace/applicabilityDomain/results/numeric/mean/roc_mean_delta_texture_apgd_0.300.csv
texture,DM-δ,apgd,0.600,0.9933330332997882,/home/lukec/workspace/applicabilityDomain/results/numeric/mean/roc_mean_delta_texture_apgd_0.600.csv
texture,DM-δ,cw2,0.000,0.7168304490098524,/home/lukec/workspace/applicabilityDomain/results/numeric/mean/roc_mean_delta_texture_cw2_0.000.csv
texture,DM-δ,cw2,10.000,0.8401189662819202,/home/lukec/workspace/applicabilityDomain/results/numeric/mean/roc_mean_delta_texture_cw2_10.000.csv
texture,DM-γ,fgsm,0.300,0.9254444260667891,/home/lukec/workspace/applicabilityDomain/results/numeric/mean/roc_mean_gamma_texture_fgsm_0.300.csv
texture,DM-γ,fgsm,0.600,0.9920717624889057,/home/lukec/workspace/applicabilityDomain/results/numeric/mean/roc_mean_gamma_texture_fgsm_0.600.csv
texture,DM-γ,apgd,0.300,0.9124060897384849,/home/lukec/workspace/applicabilityDomain/results/numeric/mean/roc_mean_gamma_texture_apgd_0.300.csv
texture,DM-γ,apgd,0.600,0.9911992204460224,/home/lukec/workspace/applicabilityDomain/results/numeric/mean/roc_mean_gamma_texture_apgd_0.600.csv
texture,DM-γ,cw2,0.000,0.6638229443312427,/home/lukec/workspace/applicabilityDomain/results/numeric/mean/roc_mean_gamma_texture_cw2_0.000.csv
texture,DM-γ,cw2,10.000,0.7908951962174535,/home/lukec/workspace/applicabilityDomain/results/numeric/mean/roc_mean_gamma_texture_cw2_10.000.csv
texture,DM-κ,fgsm,0.300,0.898673197075605,/home/lukec/workspace/applicabilityDomain/results/numeric/mean/roc_mean_kappa_texture_fgsm_0.300.csv
texture,DM-κ,fgsm,0.600,0.9884136986403123,/home/lukec/workspace/applicabilityDomain/results/numeric/mean/roc_mean_kappa_texture_fgsm_0.600.csv
texture,DM-κ,apgd,0.300,0.883310764027909,/home/lukec/workspace/applicabilityDomain/results/numeric/mean/roc_mean_kappa_texture_apgd_0.300.csv
texture,DM-κ,apgd,0.600,0.9864629898835646,/home/lukec/workspace/applicabilityDomain/results/numeric/mean/roc_mean_kappa_texture_apgd_0.600.csv
texture,DM-κ,cw2,0.000,0.6334767438127156,/home/lukec/workspace/applicabilityDomain/results/numeric/mean/roc_mean_kappa_texture_cw2_0.000.csv
texture,DM-κ,cw2,10.000,0.7539744712026734,/home/lukec/workspace/applicabilityDomain/results/numeric/mean/roc_mean_kappa_texture_cw2_10.000.csv
texture,BB,fgsm,0.300,0.5107303344216727,/home/lukec/workspace/applicabilityDomain/results/numeric/mean/roc_mean_boundingbox_texture_fgsm_0.300.csv
texture,BB,fgsm,0.600,0.6133162746022371,/home/lukec/workspace/applicabilityDomain/results/numeric/mean/roc_mean_boundingbox_texture_fgsm_0.600.csv
texture,BB,apgd,0.300,0.5063787221361544,/home/lukec/workspace/applicabilityDomain/results/numeric/mean/roc_mean_boundingbox_texture_apgd_0.300.csv
texture,BB,apgd,0.600,0.6309274901563643,/home/lukec/workspace/applicabilityDomain/results/numeric/mean/roc_mean_boundingbox_texture_apgd_0.600.csv
texture,BB,cw2,0.000,0.4653771732997252,/home/lukec/workspace/applicabilityDomain/results/numeric/mean/roc_mean_boundingbox_texture_cw2_0.000.csv
texture,BB,cw2,10.000,0.4643783387939347,/home/lukec/workspace/applicabilityDomain/results/numeric/mean/roc_mean_boundingbox_texture_cw2_10.000.csv
texture,Prob.,fgsm,0.300,0.6859948229620754,/home/lukec/workspace/applicabilityDomain/results/numeric/mean/roc_mean_prob_texture_fgsm_0.300.csv
texture,Prob.,fgsm,0.600,0.573519951204447,/home/lukec/workspace/applicabilityDomain/results/numeric/mean/roc_mean_prob_texture_fgsm_0.600.csv
texture,Prob.,apgd,0.300,0.5426986535856129,/home/lukec/workspace/applicabilityDomain/results/numeric/mean/roc_mean_prob_texture_apgd_0.300.csv
texture,Prob.,apgd,0.600,0.22132187669424064,/home/lukec/workspace/applicabilityDomain/results/numeric/mean/roc_mean_prob_texture_apgd_0.600.csv
texture,Prob.,cw2,0.000,0.9949815533835068,/home/lukec/workspace/applicabilityDomain/results/numeric/mean/roc_mean_prob_texture_cw2_0.000.csv
texture,Prob.,cw2,10.000,0.6410220123139387,/home/lukec/workspace/applicabilityDomain/results/numeric/mean/roc_mean_prob_texture_cw2_10.000.csv
